date,open,symbol,last,close,high,vol,low
2018-06-06,48.4075,AAPL,,48.5,194.0,83734476.0,47.9875
2018-06-07,48.5,AAPL,,48.375,194.16,85388720.0,48.09625
2018-06-08,48.375,AAPL,,47.8775,193.5,106627196.0,47.45125
2018-06-11,47.83625,AAPL,,47.79,191.97,73233840.0,47.5575
2018-06-12,47.79,AAPL,,48.08,192.6,67644564.0,47.79
2018-06-13,48.08,AAPL,,47.66625,192.85,86553572.0,47.6225
2018-06-14,47.66625,AAPL,,47.7125,191.535,86440296.0,47.5575
2018-06-15,47.7125,AAPL,,47.2675,190.85,246876640.0,47.075
2018-06-18,46.955,AAPL,,47.185,189.22,73939460.0,46.805
2018-06-19,47.185,AAPL,,46.4375,188.74,134313820.0,45.865
2018-06-20,46.4375,AAPL,,46.6275,187.19,82514804.0,46.4325
2018-06-21,46.6275,AAPL,,46.34875,188.335,102847592.0,46.23875
2018-06-22,46.34875,AAPL,,46.25375,186.12,108801788.0,46.2075
2018-06-25,45.87375,AAPL,,45.56,184.92,126652384.0,45.185
2018-06-26,45.56,AAPL,,46.0825,186.48,98276804.0,45.56
2018-06-27,46.0825,AAPL,,46.065,187.25,101141312.0,46.04
2018-06-28,46.065,AAPL,,46.4025,186.205,69460940.0,45.955
2018-06-29,46.4025,AAPL,,46.4,187.175,90950664.0,46.3375
2018-07-02,45.9575,AAPL,,46.78,187.27,70925372.0,45.8875
2018-07-03,46.795,AAPL,,45.91,187.94,55819224.0,45.91
2018-07-05,45.91,AAPL,,46.35,186.39,66416992.0,45.91
2018-07-06,46.35,AAPL,,46.99,188.41,69940980.0,46.34
2018-07-09,47.345,AAPL,,47.64875,190.67,79026536.0,47.3425
2018-07-10,47.645,AAPL,,47.5525,191.275,63756596.0,47.5525
2018-07-11,47.5875,AAPL,,46.9625,190.35,75325880.0,46.9225
2018-07-12,46.9825,AAPL,,47.775,191.37,72164524.0,46.9825
2018-07-13,47.7575,AAPL,,47.855,191.815,50079168.0,47.7325
2018-07-16,47.9,AAPL,,47.71,192.635,60172440.0,47.60625
2018-07-17,47.7275,AAPL,,47.8875,191.865,62138092.0,47.3425
2018-07-18,47.8675,AAPL,,47.605,191.79,65573524.0,47.4975
2018-07-19,47.6,AAPL,,47.985,192.54,81147008.0,47.4225
2018-07-20,47.9925,AAPL,,47.8125,192.41,82824168.0,47.555
2018-07-23,47.64875,AAPL,,47.895,191.96,63957460.0,47.3925
2018-07-24,47.9025,AAPL,,48.225,193.66,74791592.0,47.9025
2018-07-25,48.25,AAPL,,48.68,194.82,67305932.0,48.1125
2018-07-26,48.705,AAPL,,48.56375,195.96,76303856.0,48.4025
2018-07-27,48.5525,AAPL,,47.7225,195.08,96095888.0,47.53
2018-07-30,47.985,AAPL,,47.45625,192.19,84118140.0,47.275
2018-07-31,47.43,AAPL,,47.625,192.14,157492152.0,47.335
2018-08-01,47.5725,AAPL,,50.405,201.755,271742864.0,47.5725
2018-08-02,50.405,AAPL,,51.885,208.365,249616048.0,50.0925
2018-08-03,51.8475,AAPL,,51.99,208.68,133789584.0,51.6275
2018-08-06,51.98375,AAPL,,52.25375,209.25,101701548.0,51.77
2018-08-07,52.265,AAPL,,51.7825,209.47,102349548.0,51.6975
2018-08-08,51.7775,AAPL,,51.815,207.79,90101948.0,51.1375
2018-08-09,51.8125,AAPL,,52.26,209.77,93970504.0,51.8125
2018-08-10,52.22,AAPL,,51.89,209.1,98444808.0,51.67
2018-08-13,51.9625,AAPL,,52.2375,210.94,103563520.0,51.95
2018-08-14,52.2175,AAPL,,52.4325,210.555,82992040.0,52.065
2018-08-15,52.4375,AAPL,,52.575,210.73,115230256.0,52.0875
2018-08-16,52.56,AAPL,,53.2525,213.73,114001468.0,52.56
2018-08-17,53.37,AAPL,,54.405,217.94,141707988.0,53.29625
2018-08-20,54.52625,AAPL,,53.845,219.17,121150780.0,53.7775
2018-08-21,53.865,AAPL,,53.78,217.22,104639020.0,53.5075
2018-08-22,53.765,AAPL,,53.78,216.35,76072524.0,53.47
2018-08-23,53.7625,AAPL,,53.8725,217.055,75532896.0,53.66
2018-08-24,53.8725,AAPL,,54.02375,216.88,73905424.0,53.78
2018-08-27,54.3075,AAPL,,54.4825,218.74,82100468.0,54.09
2018-08-28,54.485,AAPL,,54.90875,220.55,91107064.0,54.485
2018-08-29,54.925,AAPL,,55.77,223.22,109019216.0,54.8525
2018-08-30,55.745,AAPL,,56.285,228.265,195175296.0,55.6025
2018-08-31,56.2575,AAPL,,56.9125,228.86,173360536.0,56.2575
2018-09-04,56.9075,AAPL,,57.095,229.17,109560528.0,56.66375
2018-09-05,57.09,AAPL,,56.67125,229.625,133331840.0,56.2775
2018-09-06,56.7175,AAPL,,55.775,227.24,137159904.0,55.33375
2018-09-07,55.775,AAPL,,55.33,225.36,150479240.0,55.1775
2018-09-10,55.24375,AAPL,,54.63125,221.85,158065812.0,54.12
2018-09-11,54.5825,AAPL,,55.9725,224.29,142996196.0,54.1425
2018-09-12,55.9625,AAPL,,55.2375,224.99,197114960.0,54.9625
2018-09-13,55.25,AAPL,,56.59625,228.355,166825508.0,55.25
2018-09-14,56.6025,AAPL,,55.925,226.81,127997156.0,55.635
2018-09-17,55.535,AAPL,,54.465,222.85,148780532.0,54.32
2018-09-18,54.47,AAPL,,54.6225,221.775,126286848.0,54.295
2018-09-19,54.56,AAPL,,54.6125,219.64,108495332.0,53.82375
2018-09-20,54.5925,AAPL,,55.0425,222.265,106435176.0,54.5925
2018-09-21,55.0075,AAPL,,54.545,221.395,384986992.0,54.31875
2018-09-24,54.22,AAPL,,55.2,221.26,110773432.0,54.1625
2018-09-25,55.1975,AAPL,,55.5575,222.85,98217516.0,54.9275
2018-09-26,55.5475,AAPL,,55.07375,223.75,95938824.0,54.97
2018-09-27,55.105,AAPL,,56.2775,226.455,120724908.0,55.105
2018-09-28,56.2375,AAPL,,56.42875,225.85,91717456.0,56.005
2018-10-01,57.02125,AAPL,,56.83125,229.41,94403208.0,56.5825
2018-10-02,56.815,AAPL,,57.3275,230.04,99152680.0,56.66125
2018-10-03,57.32,AAPL,,58.015,233.48,114619196.0,57.32
2018-10-04,58.025,AAPL,,56.945,232.325,128168000.0,56.68875
2018-10-05,56.9975,AAPL,,56.00875,228.15,134321852.0,55.145
2018-10-08,55.41,AAPL,,55.98875,224.79,118655692.0,55.0525
2018-10-09,55.94,AAPL,,56.7175,227.27,107564116.0,55.5625
2018-10-10,56.7275,AAPL,,54.23875,226.91,167962216.0,54.07125
2018-10-11,54.09,AAPL,,53.6225,219.46,212497568.0,53.085
2018-10-12,53.6125,AAPL,,55.55875,222.87,161351404.0,53.6125
2018-10-15,55.26125,AAPL,,54.33875,221.81,123164028.0,54.3225
2018-10-16,54.34,AAPL,,55.655,222.9,116735852.0,54.1925
2018-10-17,55.5375,AAPL,,55.26625,222.63,91541588.0,54.84125
2018-10-18,55.3,AAPL,,53.975,221.2,130325260.0,53.25
2018-10-19,54.005,AAPL,,54.845,221.25,132314904.0,54.005
2018-10-22,54.94125,AAPL,,55.1775,223.35,115168328.0,54.86125
2018-10-23,55.1475,AAPL,,55.71,223.265,155071384.0,53.7025
2018-10-24,55.6825,AAPL,,53.7575,224.23,163700652.0,53.64375
2018-10-25,53.8975,AAPL,,54.96,221.35,119423072.0,53.7725
2018-10-26,54.95,AAPL,,54.02,220.17,189033500.0,53.1725
2018-10-29,54.78875,AAPL,,53.09625,219.68,183742080.0,51.7375
2018-10-30,53.06,AAPL,,53.3325,215.18,146639960.0,52.3175
2018-10-31,53.325,AAPL,,54.765,220.44,153435732.0,53.325
2018-11-01,54.715,AAPL,,55.55,222.35,233292720.0,54.2025
2018-11-02,55.555,AAPL,,51.39875,222.22,365314616.0,51.3575
2018-11-05,51.08,AAPL,,50.19625,204.39,264654676.0,49.545
2018-11-06,50.19625,AAPL,,50.7275,204.705,127531524.0,50.1775
2018-11-07,50.7275,AAPL,,51.8725,209.95,133697736.0,50.42125
2018-11-08,51.87375,AAPL,,52.0175,210.09,101450544.0,51.685
2018-11-09,52.01875,AAPL,,50.66625,208.775,137463000.0,50.56875
2018-11-12,49.75125,AAPL,,48.93625,199.85,204542072.0,48.445
2018-11-13,48.935,AAPL,,48.4675,197.17,187531744.0,47.8875
2018-11-14,48.4675,AAPL,,46.7475,194.465,243203828.0,46.4925
2018-11-15,46.7475,AAPL,,47.78875,191.95,185915204.0,46.4925
2018-11-16,47.78875,AAPL,,48.15875,194.93,147713012.0,47.375
2018-11-19,47.49875,AAPL,,46.5075,190.7,167683488.0,46.24875
2018-11-20,46.50875,AAPL,,44.48875,187.09,271300988.0,43.895
2018-11-21,44.48875,AAPL,,44.59125,180.25,124496840.0,43.96625
2018-11-23,44.19,AAPL,,43.0725,176.76,94495888.0,43.03
2018-11-26,43.54375,AAPL,,43.21875,174.93,179994080.0,42.6025
2018-11-27,43.2225,AAPL,,43.44375,174.75,165549508.0,42.72
2018-11-28,43.4425,AAPL,,44.91,181.27,184250156.0,43.21625
2018-11-29,44.92,AAPL,,44.66125,182.77,167079968.0,44.42375
2018-11-30,44.66125,AAPL,,44.525,180.37,158126196.0,44.25625
2018-12-03,46.1125,AAPL,,45.61125,184.92,163192008.0,45.30375
2018-12-04,45.6075,AAPL,,44.4,184.92,165377128.0,44.06875
2018-12-05,44.3875,AAPL,,44.1725,178.26,,44.06875
2018-12-06,44.1725,AAPL,,43.4675,176.69,172393640.0,42.61
2018-12-07,43.4475,AAPL,,42.4225,174.75,169126524.0,42.08
2018-12-10,41.245,AAPL,,42.2575,170.08,248103976.0,40.9325
2018-12-11,42.2825,AAPL,,41.9,171.755,189126660.0,41.75
2018-12-12,41.895,AAPL,,42.8425,171.9,142510696.0,41.75
2018-12-13,42.8425,AAPL,,42.665,172.56,127591308.0,42.2575
2018-12-14,42.67125,AAPL,,41.7,171.295,162814840.0,41.3225
2018-12-17,41.3775,AAPL,,41.19375,168.34,177151688.0,40.685
2018-12-18,41.19375,AAPL,,41.56625,167.52,135366072.0,40.685
2018-12-19,41.56375,AAPL,,41.6225,167.43,196189188.0,39.9025
2018-12-20,41.74875,AAPL,,39.125,167.13,259091840.0,38.855
2018-12-21,39.135,AAPL,,38.20625,158.42,382977536.0,37.41
2018-12-24,37.01625,AAPL,,36.7925,151.53,148676928.0,36.66375
2018-12-26,36.7925,AAPL,,38.255,157.22,234330176.0,36.68625
2018-12-27,38.28,AAPL,,37.61,157.22,212468260.0,37.5225
2018-12-28,37.59,AAPL,,39.01125,158.5,169165696.0,37.5225
2018-12-31,39.63,AAPL,,39.39125,159.25,140013864.0,39.125
2019-01-02,39.435,AAPL,,39.68125,158.82,148158948.0,38.5625
2019-01-03,39.6825,AAPL,,35.74125,158.735,365248780.0,35.5
2019-01-04,35.73875,AAPL,,36.96375,148.565,234428280.0,35.5
2019-01-07,37.1575,AAPL,,36.7125,148.785,219111056.0,36.4775
2019-01-08,36.715,AAPL,,37.825,151.815,164101256.0,36.5525
2019-01-09,37.82125,AAPL,,38.47375,154.5,180396324.0,37.41625
2019-01-10,38.475,AAPL,,38.13375,154.5,143122680.0,37.715
2019-01-11,38.13375,AAPL,,37.91375,153.97,108092964.0,37.87875
2019-01-14,38.0725,AAPL,,37.5125,152.29,129756744.0,37.32625
2019-01-15,37.50875,AAPL,,38.2675,153.39,114841296.0,37.3675
2019-01-16,38.265,AAPL,,38.8175,155.865,122278824.0,37.96
2019-01-17,38.81625,AAPL,,38.6575,157.28,119284640.0,38.3175
2019-01-18,38.6575,AAPL,,39.3575,157.79,135004092.0,38.515
2019-01-22,39.205,AAPL,,38.57875,156.82,121575880.0,38.17125
2019-01-23,38.57875,AAPL,,38.31375,155.14,92522280.0,37.9275
2019-01-24,38.32,AAPL,,38.00625,154.47,101766196.0,37.9525
2019-01-25,38.005,AAPL,,39.4025,158.13,134191572.0,37.9625
2019-01-28,38.97,AAPL,,38.9775,156.3,104768232.0,38.4175
2019-01-29,38.9775,AAPL,,39.08375,158.13,166348956.0,38.52625
2019-01-30,39.08375,AAPL,,40.76,166.14,244439120.0,38.52625
2019-01-31,40.7625,AAPL,,41.86125,169.0,162958596.0,40.75
2019-02-01,41.86125,AAPL,,41.7575,168.96,130672552.0,41.49875
2019-02-04,41.8575,AAPL,,42.7875,171.585,125982328.0,41.8225
2019-02-05,42.7875,AAPL,,43.44375,174.795,144406512.0,42.68
2019-02-06,43.44375,AAPL,,43.54875,175.3,112958364.0,43.2325
2019-02-07,43.54875,AAPL,,42.79,174.33,126966760.0,42.625
2019-02-08,42.79,AAPL,,42.4725,171.38,95279864.0,42.105
2019-02-11,42.7925,AAPL,,42.44375,171.21,83973700.0,42.3225
2019-02-12,42.44375,AAPL,,42.6425,171.0,89134092.0,42.3225
2019-02-13,42.625,AAPL,,42.70625,172.485,89960932.0,42.4825
2019-02-14,42.70625,AAPL,,42.7175,171.265,87342988.0,42.345
2019-02-15,42.72,AAPL,,42.51375,171.7,98507256.0,42.4375
2019-02-19,42.6025,AAPL,,42.65625,171.44,75891304.0,42.3775
2019-02-20,42.655,AAPL,,43.09375,173.32,104457448.0,42.65
2019-02-21,43.095,AAPL,,42.8525,172.835,68998680.0,42.58
2019-02-22,42.8575,AAPL,,43.11,172.79,75652616.0,42.58
2019-02-25,43.5125,AAPL,,43.6175,175.84,87493432.0,43.4925
2019-02-26,43.61875,AAPL,,43.5575,175.29,68280844.0,43.29
2019-02-27,43.5625,AAPL,,43.60375,175.025,111341556.0,43.19125
2019-02-28,43.5975,AAPL,,43.555,175.025,112861664.0,43.245
2019-03-01,43.5575,AAPL,,43.63,175.14,103544668.0,43.2225
2019-03-04,43.94125,AAPL,,43.84875,177.75,109744812.0,43.49375
2019-03-05,43.8475,AAPL,,43.84375,175.94,78949676.0,43.6375
2019-03-06,43.845,AAPL,,43.6875,175.85,83241536.0,43.48875
2019-03-07,43.69,AAPL,,43.44,174.91,99185496.0,43.00625
2019-03-08,43.435,AAPL,,42.95,173.84,95997432.0,42.38
2019-03-11,43.905,AAPL,,44.70875,179.125,128044136.0,43.8375
2019-03-12,44.70875,AAPL,,45.2325,182.67,129870336.0,44.70875
2019-03-13,45.2325,AAPL,,45.41,183.24,124130096.0,45.2325
2019-03-14,45.41,AAPL,,45.9675,184.1,94318032.0,45.41
2019-03-15,45.9675,AAPL,,46.54875,187.32,156171648.0,45.93875
2019-03-18,46.4825,AAPL,,47.0075,188.39,104879328.0,46.47375
2019-03-19,47.0075,AAPL,,46.63,188.99,126585476.0,46.4825
2019-03-20,46.6325,AAPL,,47.0575,189.48,124140924.0,46.19125
2019-03-21,47.0575,AAPL,,48.825,196.27,204136948.0,47.0575
2019-03-22,48.825,AAPL,,47.7425,197.68,169630664.0,47.7
2019-03-25,47.8975,AAPL,,47.165,191.98,175381172.0,46.66125
2019-03-26,47.165,AAPL,,46.68,192.88,199202152.0,46.1525
2019-03-27,46.68,AAPL,,47.1225,189.755,119393708.0,46.6325
2019-03-28,47.1225,AAPL,,47.1625,189.54,83121452.0,46.88375
2019-03-29,47.1625,AAPL,,47.485,190.0,94255844.0,47.135
2019-04-01,47.91125,AAPL,,47.815,191.645,111447856.0,47.1025
2019-04-02,47.815,AAPL,,48.515,194.46,91062928.0,47.765
2019-04-03,48.515,AAPL,,48.845,196.5,93087320.0,48.2875
2019-04-04,48.845,AAPL,,48.9275,196.355,76457100.0,48.7
2019-04-05,48.9225,AAPL,,49.265,197.08,74106576.0,48.9225
2019-04-08,49.1025,AAPL,,50.0175,200.215,103526788.0,49.085
2019-04-09,50.0175,AAPL,,49.8675,202.835,143072948.0,49.8075
2019-04-10,49.875,AAPL,,50.17,200.765,86781152.0,49.54875
2019-04-11,50.17,AAPL,,49.7175,200.95,83603232.0,49.6125
2019-04-12,49.7375,AAPL,,49.7,200.14,111042672.0,49.06125
2019-04-15,49.6325,AAPL,,49.785,199.82,70146584.0,49.50625
2019-04-16,49.8075,AAPL,,49.8125,201.37,102785540.0,49.65
2019-04-17,49.8125,AAPL,,50.78375,203.38,115627120.0,49.6575
2019-04-18,50.78375,AAPL,,50.97,204.15,96783064.0,50.6325
2019-04-22,50.675,AAPL,,51.14875,204.965,77758180.0,50.5825
2019-04-23,51.1325,AAPL,,51.85125,207.75,93291964.0,51.02
2019-04-24,51.87,AAPL,,51.7975,208.475,70162436.0,51.76625
2019-04-25,51.79,AAPL,,51.31,207.765,74172824.0,51.2825
2019-04-26,51.32,AAPL,,51.085,205.28,74596408.0,50.5525
2019-04-29,51.1375,AAPL,,51.15125,205.98,88818864.0,50.97125
2019-04-30,51.1525,AAPL,,50.21875,204.61,186139692.0,49.7925
2019-05-01,50.21875,AAPL,,52.64,215.3,259309312.0,50.21875
2019-05-02,52.64,AAPL,,52.29125,212.635,127985296.0,52.0375
2019-05-03,52.2875,AAPL,,52.9325,211.77,83569512.0,52.2875
2019-05-06,51.0725,AAPL,,52.1475,208.84,129772452.0,50.905
2019-05-07,52.12,AAPL,,50.7225,208.48,155054792.0,50.2075
2019-05-08,50.715,AAPL,,50.7475,205.315,105358016.0,50.4425
2019-05-09,50.725,AAPL,,50.17125,202.9,139634428.0,49.19
2019-05-10,50.18,AAPL,,49.3,200.72,164834848.0,48.2075
2019-05-13,46.84125,AAPL,,46.44125,189.45,229722492.0,46.175
2019-05-14,46.44125,AAPL,,47.16,189.72,146118708.0,46.365
2019-05-15,47.16,AAPL,,47.755,191.74,106178872.0,46.51
2019-05-16,47.755,AAPL,,47.53625,192.47,132125456.0,47.2125
2019-05-17,47.53625,AAPL,,47.2525,190.9,131516360.0,46.70375
2019-05-20,45.8775,AAPL,,45.7675,184.33,154449160.0,45.07625
2019-05-21,45.7675,AAPL,,46.63875,188.0,113459392.0,45.7675
2019-05-22,46.63875,AAPL,,45.68875,186.555,118994224.0,45.6375
2019-05-23,45.68875,AAPL,,44.9225,182.755,146118944.0,44.45375
2019-05-24,44.9225,AAPL,,44.765,182.115,94858744.0,44.65125
2019-05-28,44.765,AAPL,,44.57,180.52,111792640.0,44.48625
2019-05-29,44.57,AAPL,,44.3875,179.35,113924660.0,44.005
2019-05-30,44.3875,AAPL,,44.565,179.23,84873648.0,44.1675
2019-05-31,44.565,AAPL,,43.7575,178.26,108174336.0,43.75125
2019-06-03,43.88125,AAPL,,43.3,177.915,161584276.0,42.58
2019-06-04,43.3,AAPL,,44.91875,179.82,123871844.0,43.3
2019-06-05,44.91875,AAPL,,45.6275,184.99,119093708.0,44.91875
2019-06-06,45.6275,AAPL,,46.325,185.48,90105244.0,45.53875
2019-06-07,46.325,AAPL,,47.535,191.955,122737572.0,46.325
2019-06-10,48.05625,AAPL,,48.14875,195.36,104883404.0,47.935
2019-06-11,48.14875,AAPL,,48.7,195.99,107731528.0,48.14875
2019-06-12,48.7,AAPL,,48.54125,195.95,73012756.0,48.34875
2019-06-13,48.5475,AAPL,,48.7325,196.795,86698500.0,48.42875
2019-06-14,48.7325,AAPL,,48.2075,194.93,75045896.0,47.58375
2019-06-17,48.21375,AAPL,,48.485,194.96,58676576.0,48.055
2019-06-18,48.485,AAPL,,49.625,200.29,106204016.0,48.485
2019-06-19,49.625,AAPL,,49.455,199.875,84496940.0,49.33
2019-06-20,49.455,AAPL,,49.8725,200.56,86055952.0,49.455
2019-06-21,49.8725,AAPL,,49.7,200.85,191202356.0,49.535
2019-06-24,49.65125,AAPL,,49.63875,200.14,72881684.0,49.565
2019-06-25,49.63875,AAPL,,48.91,199.26,84281336.0,48.84
2019-06-26,48.91,AAPL,,49.9475,200.98,104270048.0,48.91
2019-06-27,49.9475,AAPL,,49.9325,201.57,83598868.0,49.8925
2019-06-28,49.9325,AAPL,,49.5125,199.73,124442568.0,49.2625
2019-07-01,50.7925,AAPL,,50.37125,204.48,109266956.0,50.16125
2019-07-02,50.37125,AAPL,,50.6725,203.13,67740868.0,50.34875
2019-07-03,50.6725,AAPL,,51.0925,204.37,45448180.0,50.6725
2019-07-05,51.0925,AAPL,,51.05875,205.07,69062072.0,50.7575
2019-07-08,50.1475,AAPL,,49.99875,201.39,101354512.0,49.60875
2019-07-09,49.99875,AAPL,,50.3075,201.49,82312060.0,49.705
2019-07-10,50.3075,AAPL,,50.795,203.715,71588552.0,50.3075
2019-07-11,50.795,AAPL,,50.45,204.365,80767368.0,50.45
2019-07-12,50.45,AAPL,,50.81,203.99,70380848.0,50.45
2019-07-15,51.025,AAPL,,51.27,205.87,67789680.0,51.00875
2019-07-16,51.27,AAPL,,51.0725,206.11,67467264.0,50.8775
2019-07-17,51.0725,AAPL,,50.8375,205.095,56429800.0,50.83625
2019-07-18,50.8375,AAPL,,51.4075,205.87,74328644.0,50.8375
2019-07-19,51.4075,AAPL,,50.64375,206.5,83717228.0,50.59625
2019-07-22,50.9125,AAPL,,51.7775,207.18,89111728.0,50.9125
2019-07-23,51.7775,AAPL,,52.18375,208.93,73420840.0,51.7775
2019-07-24,52.18375,AAPL,,52.13625,209.145,59966268.0,51.7975
2019-07-25,52.13625,AAPL,,51.7525,209.23,55638248.0,51.68375
2019-07-26,51.7525,AAPL,,51.9625,209.725,70475496.0,51.7525
2019-07-29,52.1225,AAPL,,52.44125,210.62,86693556.0,52.1225
2019-07-30,52.44125,AAPL,,52.23,210.16,135742872.0,51.83
2019-07-31,52.23,AAPL,,53.27,221.37,277125444.0,52.23
2019-08-01,53.27,AAPL,,52.095,218.02,216071688.0,51.69125
2019-08-02,52.095,AAPL,,50.97,208.38,163448488.0,50.4075
2019-08-05,49.4775,AAPL,,48.29125,198.61,209571876.0,48.1475
2019-08-06,48.29125,AAPL,,49.2375,198.055,143299148.0,48.29125
2019-08-07,49.2375,AAPL,,49.7675,199.56,133457600.0,48.455
2019-08-08,49.7675,AAPL,,50.82375,203.495,108038092.0,49.7675
2019-08-09,50.82375,AAPL,,50.25,203.295,98478984.0,49.825
2019-08-12,49.935,AAPL,,50.145,202.06,89927556.0,49.79
2019-08-13,50.145,AAPL,,52.29,212.08,190159144.0,50.145
2019-08-14,52.29,AAPL,,50.6925,209.16,146189772.0,50.645
2019-08-15,50.6925,AAPL,,50.405,205.115,111533452.0,49.9175
2019-08-16,50.405,AAPL,,51.5875,207.16,115254496.0,50.405
2019-08-19,52.65875,AAPL,,52.55125,212.715,97727660.0,52.51
2019-08-20,52.55125,AAPL,,52.63125,213.35,107678116.0,52.55125
2019-08-21,52.63125,AAPL,,53.15125,213.645,86258988.0,52.63125
2019-08-22,53.15125,AAPL,,53.195,214.43,89071276.0,52.69625
2019-08-23,53.195,AAPL,,50.66375,212.78,187531372.0,50.45375
2019-08-26,51.46,AAPL,,51.6425,207.19,104264520.0,51.265
2019-08-27,51.6425,AAPL,,51.03625,208.375,103589376.0,50.88625
2019-08-28,51.03625,AAPL,,51.39,205.73,63830528.0,50.8325
2019-08-29,51.39,AAPL,,52.2725,209.315,84030608.0,51.39
2019-08-30,52.2725,AAPL,,52.0975,210.45,82596760.0,51.8
2019-09-03,52.0975,AAPL,,51.4275,208.39,80238296.0,51.065
2019-09-04,51.4275,AAPL,,52.275,209.475,76867280.0,51.4275
2019-09-05,52.275,AAPL,,53.2925,213.975,95787936.0,52.275
2019-09-06,53.2925,AAPL,,53.3425,214.41,77449176.0,53.1375
2019-09-09,53.68375,AAPL,,53.56,216.435,109237604.0,53.34
2019-09-10,53.56,AAPL,,54.18375,216.74,127111724.0,52.9325
2019-09-11,54.18375,AAPL,,55.8975,223.6,177158584.0,54.18375
2019-09-12,55.8975,AAPL,,55.8,226.33,128906676.0,55.725
2019-09-13,55.8,AAPL,,54.64,223.2,159053184.0,54.2575
2019-09-16,54.4325,AAPL,,54.9675,220.105,84632564.0,54.39
2019-09-17,54.9675,AAPL,,55.155,220.82,73545872.0,54.785
2019-09-18,55.155,AAPL,,55.6825,222.79,102572372.0,54.895
2019-09-19,55.6825,AAPL,,55.23625,223.735,88751504.0,55.1225
2019-09-20,55.23625,AAPL,,54.42125,222.46,231908376.0,54.37875
2019-09-23,54.755,AAPL,,54.675,219.825,77678592.0,54.4175
2019-09-24,54.675,AAPL,,54.5,222.46,125737468.0,54.315
2019-09-25,54.5,AAPL,,55.2675,221.45,89924024.0,54.3
2019-09-26,55.2675,AAPL,,54.9,221.07,76353248.0,54.72
2019-09-27,54.9,AAPL,,54.715,220.89,101445140.0,54.3375
2019-09-30,55.2175,AAPL,,56.015,224.56,105274332.0,55.21
2019-10-01,56.015,AAPL,,56.115,228.2,144748652.0,56.015
2019-10-02,56.115,AAPL,,54.7825,224.46,143069028.0,54.49
2019-10-03,54.7825,AAPL,,55.2375,220.95,121410744.0,53.8025
2019-10-04,55.2375,AAPL,,56.70875,227.465,139022212.0,55.2375
2019-10-07,56.56875,AAPL,,56.75,229.95,123557076.0,56.47125
2019-10-08,56.75,AAPL,,56.1025,228.05,117130800.0,56.1025
2019-10-09,56.1025,AAPL,,56.72,227.76,76117696.0,56.1025
2019-10-10,56.72,AAPL,,57.515,230.41,115851936.0,56.72
2019-10-11,57.515,AAPL,,59.0425,237.58,167960840.0,57.515
2019-10-14,58.69125,AAPL,,58.9725,238.115,97653936.0,58.69125
2019-10-15,58.9725,AAPL,,58.825,237.63,92161932.0,58.73
2019-10-16,58.8425,AAPL,,58.6025,235.37,77146776.0,58.3
2019-10-17,58.6025,AAPL,,58.8425,236.1,69091588.0,58.3975
2019-10-18,58.8425,AAPL,,59.1025,237.555,97508664.0,58.5775
2019-10-21,59.385,AAPL,,60.125,240.985,89469932.0,59.385
2019-10-22,60.125,AAPL,,60.0275,242.18,90736004.0,59.90625
2019-10-23,60.0275,AAPL,,60.7975,243.22,79730180.0,60.0275
2019-10-24,60.7975,AAPL,,60.875,244.75,71665020.0,60.45125
2019-10-25,60.875,AAPL,,61.64,246.7,73477184.0,60.735
2019-10-28,61.845,AAPL,,62.28,249.17,96572964.0,61.705
2019-10-29,62.28,AAPL,,60.825,249.72,142839468.0,60.655
2019-10-30,60.825,AAPL,,60.855,245.27,124522088.0,60.32
2019-10-31,60.855,AAPL,,62.23,249.07,139162080.0,60.855
2019-11-01,62.23,AAPL,,63.96,255.88,151125336.0,62.23
2019-11-04,64.35,AAPL,,64.205,257.82,103271808.0,63.85875
2019-11-05,64.20125,AAPL,,64.45375,258.185,79897708.0,64.0875
2019-11-06,64.4475,AAPL,,64.0975,258.185,75864496.0,63.85125
2019-11-07,64.09,AAPL,,65.045,260.35,94940332.0,64.09
2019-11-08,65.0475,AAPL,,64.73625,260.35,70081980.0,64.2475
2019-11-11,64.6,AAPL,,65.5675,262.435,82029836.0,64.59375
2019-11-12,65.5675,AAPL,,65.675,262.79,87388904.0,65.2325
2019-11-13,65.67375,AAPL,,65.995,264.77,103270372.0,65.28375
2019-11-14,65.99,AAPL,,65.725,264.86,89582224.0,65.5475
2019-11-15,65.7025,AAPL,,66.19875,265.63,100374664.0,65.6275
2019-11-18,66.475,AAPL,,66.7075,267.415,86803588.0,66.0675
2019-11-19,66.68,AAPL,,66.5925,267.955,76278388.0,66.355
2019-11-20,66.6,AAPL,,65.5125,267.175,106439676.0,65.1175
2019-11-21,65.5175,AAPL,,65.4825,263.995,121395112.0,65.3
2019-11-22,65.4925,AAPL,,65.42875,263.12,65325052.0,65.2125
2019-11-25,65.6325,AAPL,,66.175,266.36,84118068.0,65.6325
2019-11-26,66.1725,AAPL,,66.61,267.01,105339528.0,65.98
2019-11-27,66.625,AAPL,,66.685,267.94,65544488.0,65.98
2019-11-29,66.985,AAPL,,66.9525,267.98,46617452.0,66.4925
2019-12-02,66.84,AAPL,,66.34,268.22,94774200.0,65.89
2019-12-03,66.33,AAPL,,64.6375,265.73,117509072.0,64.1075
2019-12-04,64.6525,AAPL,,65.5725,263.265,67241552.0,64.4925
2019-12-05,65.56875,AAPL,,66.2325,265.885,74645372.0,65.4375
2019-12-06,66.2525,AAPL,,67.5175,271.0,106189972.0,66.1275
2019-12-09,67.5025,AAPL,,66.805,270.735,128730580.0,66.2325
2019-12-10,66.8075,AAPL,,67.26625,270.04,90529532.0,66.48
2019-12-11,67.28375,AAPL,,67.475,271.1,78893564.0,66.93625
2019-12-12,67.4775,AAPL,,67.525,272.5,137748168.0,66.86125
2019-12-13,67.51625,AAPL,,68.68,275.3,133731224.0,67.32
2019-12-16,69.30875,AAPL,,70.1075,280.775,128324420.0,69.2525
2019-12-17,70.115,AAPL,,70.21,281.755,114303192.0,69.7425
2019-12-18,70.22375,AAPL,,70.3625,281.94,116098748.0,69.7825
2019-12-19,70.375,AAPL,,69.7725,281.94,98507788.0,69.74
2019-12-20,69.76875,AAPL,,70.1975,282.22,276130972.0,69.6575
2019-12-23,70.1275,AAPL,,70.92,284.24,98711532.0,70.1275
2019-12-24,70.91625,AAPL,,71.08625,284.88,48478856.0,70.7425
2019-12-26,71.08625,AAPL,,72.1075,289.97,93336016.0,71.08625
2019-12-27,72.115,AAPL,,72.45,293.94,146371744.0,72.045
2019-12-30,72.40875,AAPL,,73.15,292.675,144238456.0,71.3325
2019-12-31,73.1275,AAPL,,73.05125,293.665,100990500.0,72.415
2020-01-02,73.405,AAPL,,74.6075,300.47,135647456.0,73.405
2020-01-03,74.615,AAPL,,74.855,300.55,146535512.0,74.13
2020-01-06,73.43,AAPL,,74.8,299.97,118578576.0,73.2
2020-01-07,74.79375,AAPL,,74.99,300.875,111510620.0,74.3975
2020-01-08,75.0225,AAPL,,75.63875,304.43,132363784.0,74.3025
2020-01-09,75.65,AAPL,,77.26625,310.405,170486168.0,75.575
2020-01-10,77.26875,AAPL,,77.67125,312.605,140869088.0,77.07375
2020-01-13,77.91125,AAPL,,78.39,317.05,122086888.0,77.7875
2020-01-14,78.4,AAPL,,78.3425,317.51,162613828.0,77.9375
2020-01-15,78.375,AAPL,,78.16125,315.5,121923528.0,77.4075
2020-01-16,78.1725,AAPL,,78.42,315.605,108829016.0,77.4075
2020-01-17,78.425,AAPL,,79.1925,318.735,137816468.0,78.38125
2020-01-21,79.67,AAPL,,79.13375,318.98,110843256.0,79.06
2020-01-22,79.11,AAPL,,79.775,319.985,101832460.0,79.06
2020-01-23,79.8175,AAPL,,79.6775,319.985,104471972.0,78.93875
2020-01-24,79.675,AAPL,,79.95875,323.22,146537520.0,79.38375
2020-01-27,77.51875,AAPL,,77.5325,311.725,161940020.0,76.22
2020-01-28,77.56,AAPL,,79.22,318.375,162233944.0,76.22
2020-01-29,79.215,AAPL,,81.6675,327.85,216599712.0,79.215
2020-01-30,81.6525,AAPL,,79.99,327.85,126743232.0,79.715
2020-01-31,80.0,AAPL,,78.13625,323.96,199588384.0,77.1
2020-02-03,76.0725,AAPL,,76.9625,313.435,173985604.0,75.5875
2020-02-04,76.965,AAPL,,79.79,319.61,136616536.0,76.6825
2020-02-05,79.83,AAPL,,80.145,324.705,118826872.0,79.3825
2020-02-06,80.145,AAPL,,81.1525,325.2,105425540.0,80.02125
2020-02-07,81.1425,AAPL,,80.21375,325.2,117684048.0,79.5325
2020-02-10,78.555,AAPL,,79.8475,321.49,109348860.0,78.4725
2020-02-11,79.8,AAPL,,80.42875,323.885,94323120.0,79.7
2020-02-12,80.44,AAPL,,81.2875,327.205,113730292.0,79.7
2020-02-13,81.275,AAPL,,81.445,327.205,94747568.0,80.87625
2020-02-14,81.425,AAPL,,81.045,326.17,80113788.0,80.715
2020-02-18,81.20375,AAPL,,79.5275,324.815,152762180.0,78.6525
2020-02-19,79.5275,AAPL,,80.9775,324.54,93983964.0,79.40625
2020-02-20,80.9825,AAPL,,79.91625,324.6,100565956.0,79.58
2020-02-21,79.9725,AAPL,,78.03625,321.15,129705660.0,77.655
2020-02-24,74.245,AAPL,,75.1175,303.99,222195312.0,72.31
2020-02-25,75.07375,AAPL,,73.2125,303.27,230673456.0,71.56625
2020-02-26,73.17,AAPL,,72.69,297.87,198713724.0,71.56625
2020-02-27,72.7175,AAPL,,70.135,294.08,320605524.0,68.25
2020-02-28,70.1,AAPL,,66.68125,280.85,426884920.0,64.0925
2020-03-02,70.6075,AAPL,,72.6825,300.0,341397356.0,69.4425
2020-03-03,72.66375,AAPL,,72.05,303.99,319475408.0,71.46
2020-03-04,72.035,AAPL,,74.715,303.02,219178272.0,71.46
2020-03-05,74.8075,AAPL,,73.96625,303.02,187572876.0,72.88125
2020-03-06,73.8525,AAPL,,71.17375,295.72,226176984.0,70.34
2020-03-09,65.92625,AAPL,,66.5875,277.8,286744832.0,65.7525
2020-03-10,66.5875,AAPL,,71.34125,285.395,285290080.0,66.5875
2020-03-11,71.34125,AAPL,,68.85,285.365,256379880.0,68.0675
2020-03-12,68.85,AAPL,,62.085,275.4,418474068.0,62.0725
2020-03-13,62.085,AAPL,,69.505,278.445,370732128.0,62.085
2020-03-16,60.7125,AAPL,,60.4575,259.01,322423460.0,60.0
2020-03-17,60.4575,AAPL,,63.2,257.52,324055860.0,59.625
2020-03-18,63.2,AAPL,,62.47,252.8,300233624.0,59.3025
2020-03-19,62.47,AAPL,,60.9725,252.75,271857020.0,60.715
2020-03-20,60.9725,AAPL,,57.2625,251.79,401693384.0,57.0
2020-03-23,57.0475,AAPL,,55.995,228.19,336752832.0,53.19625
2020-03-24,55.995,AAPL,,61.65,246.6,287531092.0,55.995
2020-03-25,61.65,AAPL,,61.39,258.0,303602040.0,61.0875
2020-03-26,61.39,AAPL,,64.4875,258.525,252560676.0,61.39
2020-03-27,64.4875,AAPL,,61.9525,257.95,204216612.0,61.825
2020-03-30,62.7,AAPL,,63.635,255.44,167976440.0,62.35
2020-03-31,63.635,AAPL,,63.495,262.48,197002004.0,63.0025
2020-04-01,63.495,AAPL,,60.225,253.98,176218552.0,59.8025
2020-04-02,60.225,AAPL,,61.2175,245.0,165933972.0,59.2625
2020-04-03,61.2175,AAPL,,60.3575,245.7,129880068.0,59.745
2020-04-06,62.71625,AAPL,,65.61,263.07,201820284.0,62.355
2020-04-07,65.61,AAPL,,64.84625,271.69,202887324.0,64.75
2020-04-08,64.84625,AAPL,,66.5125,267.28,168895284.0,64.84625
2020-04-09,66.5125,AAPL,,66.97,269.975,162116492.0,66.19375
2020-04-13,67.0875,AAPL,,68.29375,273.48,131022924.0,66.4625
2020-04-14,68.29375,AAPL,,71.7425,288.03,194994688.0,68.29375
2020-04-15,71.7425,AAPL,,71.135,286.97,131154564.0,70.165
2020-04-16,71.135,AAPL,,71.6325,288.18,157125160.0,70.5925
2020-04-17,71.6325,AAPL,,70.71,286.905,215249912.0,69.25
2020-04-20,69.45625,AAPL,,69.2225,281.62,130015000.0,69.2225
2020-04-21,69.2225,AAPL,,67.125,277.18,180991572.0,66.37
2020-04-22,67.125,AAPL,,69.0375,277.695,117057368.0,67.125
2020-04-23,69.0375,AAPL,,68.76,281.69,124814328.0,68.75
2020-04-24,68.76,AAPL,,70.7375,283.0,126508732.0,68.76
2020-04-27,70.45,AAPL,,70.70625,284.5,117087572.0,69.99375
2020-04-28,70.70625,AAPL,,69.70375,285.725,112004748.0,69.5525
2020-04-29,69.70375,AAPL,,71.935,289.67,137280816.0,69.70375
2020-04-30,71.935,AAPL,,73.3475,294.48,183063872.0,71.935
2020-05-01,73.3475,AAPL,,72.285,299.0,240616700.0,71.465
2020-05-04,72.2675,AAPL,,73.385,293.63,133567944.0,71.705
2020-05-05,73.385,AAPL,,74.3925,300.96,147751180.0,73.385
2020-05-06,74.3925,AAPL,,75.1525,303.23,142333752.0,74.3925
2020-05-07,75.1525,AAPL,,75.93125,305.095,115215056.0,75.1525
2020-05-08,75.93125,AAPL,,77.515,310.23,134047940.0,75.93125
2020-05-11,77.03375,AAPL,,78.765,316.97,145946244.0,76.825
2020-05-12,78.765,AAPL,,77.8375,319.66,162301052.0,77.7375
2020-05-13,77.8375,AAPL,,76.8425,315.94,200622556.0,75.8325
2020-05-14,76.8425,AAPL,,77.4375,309.79,158929076.0,75.41
2020-05-15,77.4375,AAPL,,76.955,309.75,166348376.0,75.0575
2020-05-18,78.25625,AAPL,,78.79125,316.335,135372500.0,77.5975
2020-05-19,78.79125,AAPL,,78.3,318.48,101729540.0,78.285
2020-05-20,78.3,AAPL,,79.7875,319.495,111504860.0,78.3
2020-05-21,79.7875,AAPL,,79.2425,320.845,102688844.0,78.975
2020-05-22,79.2425,AAPL,,79.675,319.135,81803016.0,78.87375
2020-05-26,79.675,AAPL,,79.215,324.18,125521816.0,79.135
2020-05-27,79.215,AAPL,,79.535,318.575,112945096.0,78.31375
2020-05-28,79.535,AAPL,,79.5625,323.42,133796412.0,78.91625
2020-05-29,79.5625,AAPL,79.61,79.7475,321.14,153598128.0,79.13
2020-06-01,79.3725,AAPL,80.525,80.44375,322.335,81018612.0,79.2225
2020-06-02,80.44375,AAPL,80.15375,80.8475,323.43,87642816.0,79.7475
2020-06-03,80.8475,AAPL,,81.2575,326.0,104491216.0,80.58625
2020-06-04,81.2575,AAPL,80.39875,80.58,325.58,87560364.0,80.2025
2020-06-05,80.58,AAPL,82.655,82.87,331.7,137250200.0,80.58
2020-06-08,82.5875,AAPL,83.295,83.38,333.545,95654536.0,81.8475
2020-06-09,82.5625,AAPL,86.135,83.365,345.485,147712364.0,81.83
2020-06-10,83.035,AAPL,85.9975,83.365,345.61,166651752.0,83.0025
2020-06-11,87.305,AAPL,,84.1,350.95,201662452.0,83.9175
2020-06-12,84.0125,AAPL,,84.905,347.67,200146052.0,83.62
2020-06-15,83.28375,AAPL,85.615,85.635,344.78,138808920.0,83.16375
2020-06-16,83.3125,AAPL,88.1825,87.8675,353.075,165428728.0,83.145
2020-06-17,88.0775,AAPL,88.00125,88.02,355.32,114406504.0,87.86
2020-06-18,88.7875,AAPL,87.9425,87.8975,355.4,96820384.0,87.3125
2020-06-19,87.8525,AAPL,87.485,87.9325,356.55,264475808.0,86.365
2020-06-22,87.82375,AAPL,89.74125,87.43,359.15,135445264.0,87.82375
2020-06-23,87.835,AAPL,91.945,89.7175,372.3,212155476.0,87.7875
2020-06-24,91.0,AAPL,90.1525,91.6325,372.38,192623396.0,89.6525
2020-06-25,91.25,AAPL,91.15,90.015,368.79,137522512.0,89.495
2020-06-26,90.175,AAPL,89.17625,91.21,365.0,205256844.0,88.6375
2020-06-29,88.24,AAPL,90.2075,88.4075,362.05,130646076.0,87.825
2020-06-30,88.3125,AAPL,91.395,90.445,365.84,140223284.0,87.82
2020-07-01,90.02,AAPL,91.365,91.2,367.355,110737236.0,90.0
2020-07-02,91.28,AAPL,91.09,91.0275,370.47,114041468.0,90.9775
2020-07-06,92.505,AAPL,93.5575,91.0275,375.75,118655652.0,92.475
2020-07-07,92.5,AAPL,93.54375,93.4625,378.595,112424456.0,92.4675
2020-07-08,93.8525,AAPL,95.195,93.1725,380.81,117091880.0,93.0575
2020-07-09,94.18,AAPL,95.6525,95.3425,385.11,125642608.0,94.09
2020-07-10,96.2625,AAPL,95.8525,95.6825,393.91,90257320.0,94.6725
2020-07-13,97.285,AAPL,95.3225,95.92,399.74,191649140.0,95.32
2020-07-14,97.265,AAPL,97.0325,95.4775,399.82,170989364.0,93.9025
2020-07-15,94.84,AAPL,97.7425,97.0575,396.88,153197932.0,93.8775
2020-07-16,98.99,AAPL,96.43375,97.725,396.99,110577672.0,95.935
2020-07-17,96.5625,AAPL,96.3175,96.5225,389.62,92186900.0,95.8725
2020-07-20,96.4175,AAPL,98.4175,96.3275,393.79,90317908.0,96.0875
2020-07-21,96.415,AAPL,96.96,98.3575,396.575,103645836.0,96.0625
2020-07-22,99.1725,AAPL,97.26,97.0,397.0,89001652.0,96.615
2020-07-23,96.6925,AAPL,92.6925,97.2725,391.9,197004432.0,92.0425
2020-07-24,96.998375,AAPL,92.6525,92.845,388.31,185438864.0,89.3075
2020-07-27,93.71875,AAPL,94.73125,92.615,379.51,121214192.0,93.48375
2020-07-28,93.71,AAPL,93.33875,94.81,379.62,103625500.0,93.3075
2020-07-29,94.3675,AAPL,94.9,93.2525,380.835,90329256.0,93.2475
2020-07-30,93.75,AAPL,100.6775,95.04,402.71,158130020.0,93.7125
2020-07-31,94.1875,AAPL,106.1625,96.19,424.99,374295468.0,93.7675
2020-08-03,107.965,AAPL,108.9275,106.26,446.41,308151388.0,107.9375
2020-08-04,108.2,AAPL,109.6025,108.9375,446.5457,172792368.0,107.8925
2020-08-05,109.1325,AAPL,109.91125,109.665,443.16,121991952.0,108.3875
2020-08-06,109.3775,AAPL,114.0875,110.0625,457.56,202428900.0,108.8975
2020-08-07,110.405,AAPL,111.2425,113.9025,457.65,198045612.0,109.7975
2020-08-10,112.435,AAPL,112.7225,111.1125,455.065,212403424.0,110.0
2020-08-11,112.6,AAPL,109.2,112.7275,455.1,187902376.0,109.1225
2020-08-12,111.96875,AAPL,112.9775,109.375,453.04,165944820.0,109.106675
2020-08-13,110.4975,AAPL,114.9775,113.01,464.14,210082064.0,110.2975
2020-08-14,114.43,AAPL,114.96875,115.01,464.17,165565208.0,113.05
2020-08-17,116.0675,AAPL,115.0875,114.9075,464.28,119561444.0,113.9775
2020-08-18,116.0625,AAPL,115.545,114.6075,464.35,105633540.0,113.962525
2020-08-19,114.3525,AAPL,115.685,115.5625,468.585,145538008.0,114.0075
2020-08-20,115.98325000000001,AAPL,118.245,115.7075,472.98,126907188.0,115.61
2020-08-21,115.75,AAPL,124.605,118.275,499.4,338054640.0,115.733375
2020-08-24,128.7,AAPL,125.605,124.37,515.13,345937768.0,123.95
2020-08-25,128.6975,AAPL,124.72,125.8575,515.14,211495788.0,123.09875
2020-08-26,124.6975,AAPL,126.45875,124.825,507.93,163022268.0,123.0525
2020-08-27,126.179125,AAPL,125.1925,126.5225,509.88,155552384.0,123.855
2020-08-28,127.1425,AAPL,124.8575,125.01,509.94,187629916.0,123.8325
2020-08-31,131.32,AAPL,132.28,124.8075,131.0,225702688.0,131.2675
2020-09-01,132.19,AAPL,134.48,129.04,134.78,152470142.0,130.56
2020-09-02,137.84,AAPL,131.52,134.18,138.42,200118991.0,127.0
2020-09-03,137.59,AAPL,120.97,131.4,137.98,257599640.0,120.18
2020-09-04,118.24,AAPL,120.18,120.88,123.68,332607163.0,110.92
2020-09-08,114.36,AAPL,112.98,120.96,118.94,231366563.0,112.28
2020-09-09,115.87,AAPL,117.19,112.82,119.12,176940455.0,115.405
2020-09-10,117.26,AAPL,115.3,117.32,120.51,182274391.0,115.21
2020-09-11,120.36,AAPL,112.16,113.49,120.5,180860325.0,110.04
2020-09-14,114.06,AAPL,115.39,112.0,115.9,140150087.0,112.82
2020-09-15,118.0,AAPL,115.39,115.355,118.79,184642039.0,113.65
2020-09-16,118.33,AAPL,112.39,115.54,118.829,155026675.0,112.02
2020-09-17,109.82,AAPL,110.49,112.13,112.18,178010968.0,108.7
2020-09-18,110.53,AAPL,106.97,110.34,111.25,287104882.0,106.1
2020-09-21,104.03,AAPL,110.12,106.84,110.62,195713815.0,103.34
2020-09-22,111.32,AAPL,112.115,110.08,112.85,183055373.0,109.2
2020-09-23,112.68,AAPL,106.9,111.81,112.86,150718671.0,106.8
2020-09-24,105.66,AAPL,108.67,107.12,110.165,167743349.0,105.0
2020-09-25,105.17,AAPL,112.29,108.22,112.44,149981441.0,105.0
2020-09-28,115.42,AAPL,115.18,112.28,115.42,137672403.0,112.79
2020-09-29,115.01,AAPL,114.25,114.96,115.32,100060526.0,112.78
2020-09-30,114.55,AAPL,116.025,114.09,117.23,142675184.0,113.09
2020-10-01,113.79,AAPL,116.93,115.81,117.83,116120440.0,113.62
2020-10-02,117.64,AAPL,113.26,116.79,117.72,144711986.0,112.24
2020-10-05,114.01,AAPL,116.41,113.02,116.615,106243839.0,113.57
2020-10-06,113.91,AAPL,112.97,116.5,116.65,161498212.0,112.285
2020-10-07,114.48,AAPL,115.16,113.16,115.48,96848985.0,114.135
2020-10-08,114.62,AAPL,114.87,115.08,116.41,83477153.0,114.13
2020-10-09,116.25,AAPL,117.48,114.97,117.48,100506865.0,114.5901
2020-10-12,120.93,AAPL,124.55,116.97,125.18,240226769.0,119.31
2020-10-13,126.09,AAPL,121.24,124.4,126.46,262330451.0,119.7
2020-10-14,121.38,AAPL,121.52,121.1,123.015,151062308.0,119.625
2020-10-15,118.56,AAPL,120.76,121.19,121.2,112559219.0,118.18
2020-10-16,118.72,AAPL,119.035,120.71,121.73,115393808.0,118.15
2020-10-19,120.07,AAPL,116.17,115.775,120.42,120639337.0,115.66
2020-10-20,119.96,AAPL,117.18,117.63,120.419,124423728.0,115.65
2020-10-21,116.2,AAPL,117.21,117.105,118.98,89945980.0,115.63
2020-10-22,116.885,AAPL,115.72,115.755,118.01,101987954.0,114.6
2020-10-23,117.45,AAPL,115.045,115.055,118.04,82572645.0,114.27
2020-10-26,113.73,AAPL,114.84,114.945,116.55,111850657.0,112.88
2020-10-27,114.01,AAPL,116.89,116.895,117.275,92276772.0,112.88
2020-10-28,116.6,AAPL,112.25,116.6,116.6,143937823.0,111.94
2020-10-29,116.6,AAPL,110.8,111.2,116.92,146129173.0,109.34
2020-10-30,110.72,AAPL,108.94,115.32,111.98,190573476.0,107.75
2020-11-02,109.52,AAPL,108.55,108.86,110.67,122866899.0,107.33
2020-11-03,109.11,AAPL,111.04,108.77,111.455,107624448.0,107.32
2020-11-04,109.66,AAPL,115.18,110.44,115.57,138235482.0,108.73
2020-11-05,114.14,AAPL,118.955,114.95,119.59,126387074.0,112.35
2020-11-06,117.95,AAPL,118.78,119.03,119.62,114457922.0,116.135
2020-11-09,120.42,AAPL,116.61,118.69,121.98,154515315.0,116.61
2020-11-10,120.5,AAPL,116.025,116.32,121.99,138023390.0,114.145
2020-11-11,115.55,AAPL,119.435,115.97,119.54,112294954.0,114.13
2020-11-12,117.19,AAPL,119.09,119.49,120.52,103350674.0,116.44
2020-11-13,119.62,AAPL,119.23,119.21,120.53,81688586.0,117.9
2020-11-16,119.08,AAPL,119.93,119.26,120.98,91183018.0,118.155
2020-11-17,118.92,AAPL,119.455,120.3,120.99,74270973.0,118.146
2020-11-18,119.55,AAPL,118.24,119.39,120.6741,76322111.0,118.16
2020-11-19,118.61,AAPL,118.57,118.03,119.82,74112972.0,116.81
2020-11-20,117.59,AAPL,117.435,118.64,119.06,73604287.0,116.81
2020-11-23,117.62,AAPL,113.805,117.34,117.62,127959318.0,113.75
2020-11-24,117.18,AAPL,115.19,113.85,117.6202,113874218.0,112.595
2020-11-25,113.91,AAPL,116.03,115.17,116.75,76499234.0,112.59
2020-11-27,116.71,AAPL,116.375,116.03,117.485,46691331.0,116.22
2020-11-30,117.04,AAPL,119.26,116.59,120.98,169410176.0,116.69
2020-12-01,116.97,AAPL,122.855,119.05,123.475,128166803.0,116.81
2020-12-02,121.01,AAPL,123.13,122.72,123.4693,89004195.0,120.01
2020-12-03,122.02,AAPL,122.71,123.08,123.78,78967630.0,120.89
2020-12-04,123.52,AAPL,122.125,122.94,123.78,78260421.0,121.52
2020-12-07,122.23,AAPL,123.63,122.25,124.57,86711990.0,122.21
2020-12-08,122.31,AAPL,124.435,123.75,124.985,82225512.0,122.25
2020-12-09,124.37,AAPL,121.92,124.38,125.95,115089193.0,121.0
2020-12-10,124.53,AAPL,123.55,121.78,125.95,81312170.0,120.02
2020-12-11,120.5,AAPL,122.2,123.24,123.87,86939786.0,120.15
2020-12-14,123.21,AAPL,122.03,122.41,123.335,79182628.0,121.72
2020-12-15,123.92,AAPL,127.7,121.78,127.86,155984149.0,123.7
2020-12-16,124.34,AAPL,127.93,127.88,128.365,96926419.0,124.13
2020-12-17,127.41,AAPL,128.775,127.81,129.56,94359811.0,126.56
2020-12-18,128.9,AAPL,126.38,128.7,129.58,192541496.0,126.125
2020-12-21,124.58,AAPL,127.725,126.655,127.835,121251553.0,123.45
2020-12-22,125.02,AAPL,131.69,128.23,134.395,169351825.0,123.449
2020-12-23,131.61,AAPL,131.35,131.88,134.405,88223692.0,129.65
2020-12-24,132.16,AAPL,131.97,130.96,133.46,54930064.0,130.78
2020-12-28,133.64,AAPL,136.355,131.97,137.335,124486237.0,133.53
2020-12-29,133.99,AAPL,134.46,136.69,138.78,121047324.0,133.51
2020-12-30,138.05,AAPL,133.79,134.87,138.789,96452124.0,133.39
2020-12-31,135.58,AAPL,132.53,133.72,135.99,99116586.0,131.72
2021-01-04,133.92,AAPL,129.3,132.69,134.06,143301887.0,126.76
2021-01-05,133.52,AAPL,131.05,129.41,133.6116,97664898.0,126.76
2021-01-06,128.89,AAPL,126.585,131.01,131.74,155087970.0,126.48
2021-01-07,127.72,AAPL,131.07,126.6,131.625,109578157.0,126.382
2021-01-08,128.36,AAPL,131.955,130.92,132.62,105158245.0,127.86
2021-01-11,130.62,AAPL,129.045,132.05,130.7,100620880.0,128.5
2021-01-12,129.19,AAPL,128.87,128.98,130.17,91951145.0,126.875
2021-01-13,128.5,AAPL,131.0,128.8,131.445,88636831.0,126.86
2021-01-14,128.76,AAPL,128.855,130.89,131.45,90221755.0,128.49
2021-01-15,130.8,AAPL,127.125,128.91,131.0,111598531.0,127.0
2021-01-19,128.32,AAPL,127.87,127.14,128.69,90757329.0,126.94
2021-01-20,127.78,AAPL,132.22,127.83,132.49,104319489.0,126.93799999999999
2021-01-21,128.66,AAPL,136.95,132.03,137.335,120529544.0,128.55
2021-01-22,133.8,AAPL,139.295,136.87,139.85,114459360.0,133.59
2021-01-25,142.8,AAPL,142.88,139.07,145.075,157611713.0,136.8
2021-01-26,143.07,AAPL,143.08,142.92,145.09,98390555.0,136.54
2021-01-27,143.6,AAPL,142.07,143.16,144.3,140843759.0,140.43
2021-01-28,143.43,AAPL,137.0,142.06,144.3,142621128.0,137.0
2021-01-29,139.52,AAPL,132.66,137.09,141.99,177523812.0,130.225
2021-02-01,133.88,AAPL,134.125,131.96,135.38,106239823.0,130.96
2021-02-02,133.75,AAPL,135.23,134.14,136.36,83305367.0,130.93
2021-02-03,135.73,AAPL,134.13,134.99,136.31,89880937.0,133.635
2021-02-04,135.76,AAPL,137.145,133.94,137.15,84183061.0,133.61
2021-02-05,136.3,AAPL,136.495,137.39,138.04,75693830.0,134.59
2021-02-08,136.23,AAPL,136.64,136.76,136.9,71297214.0,134.93
2021-02-09,136.03,AAPL,135.96,136.91,137.87,76774213.0,134.92
2021-02-10,136.62,AAPL,135.115,136.01,137.877,73046563.0,134.42
2021-02-11,136.48,AAPL,135.075,135.39,136.99,64280029.0,133.775
2021-02-12,135.9,AAPL,135.305,135.13,136.39,60145130.0,133.7
2021-02-16,135.9,AAPL,133.13,135.37,136.0,80576316.0,132.82
2021-02-17,135.49,AAPL,130.825,133.19,136.01,98085249.0,129.475
2021-02-18,131.25,AAPL,129.67,130.84,132.22,96856748.0,127.435
2021-02-19,129.2,AAPL,129.85,129.71,130.71,87668834.0,127.41
2021-02-22,127.8,AAPL,126.39,129.87,129.71,103916419.0,125.6
2021-02-23,127.76,AAPL,125.93,126.0,127.805,158273022.0,118.39
2021-02-24,124.4,AAPL,125.21,125.86,127.3,111039904.0,122.23
2021-02-25,124.92,AAPL,121.25,125.35,126.45,148199540.0,120.53
2021-02-26,122.17,AAPL,122.89,120.99,124.84,164560394.0,120.53
2021-03-01,123.52,AAPL,127.765,121.26,127.835,116307892.0,122.8
2021-03-02,126.36,AAPL,125.48,127.79,128.71,102260945.0,125.21
2021-03-03,125.98,AAPL,122.43,125.12,126.235,112966340.0,121.855
2021-03-04,123.15,AAPL,120.045,122.06,123.6,178154975.0,118.62
2021-03-05,118.75,AAPL,121.49,120.13,121.67,153766601.0,117.575
2021-03-08,119.59,AAPL,116.6,121.42,121.0,154376610.0,116.6
2021-03-09,116.8,AAPL,121.43,116.36,122.04,129525780.0,116.46
2021-03-10,121.64,AAPL,120.38,121.085,122.17,111943326.0,119.455
2021-03-11,120.005,AAPL,,121.06666666666666,123.19,103026514.0,119.83
2021-03-12,121.905,AAPL,,121.04833333333333,122.205,88105050.0,119.165
2021-03-15,121.36,AAPL,124.01,121.03,124.09,92590555.0,120.425
2021-03-16,121.41,AAPL,125.72,123.99,127.22,115227936.0,120.42
2021-03-17,125.7,AAPL,124.48,125.57,127.22,111932636.0,122.335
2021-03-18,124.05,AAPL,120.51,124.76,125.8599,121469755.0,120.325
2021-03-19,122.88,AAPL,120.3,120.53,123.18,185549522.0,119.675
2021-03-22,120.89,AAPL,123.38,119.99,123.865,111912284.0,120.22
2021-03-23,123.425,AAPL,122.56,123.39,124.23,95467142.0,122.14
2021-03-24,123.33,AAPL,120.14,122.54,124.24,88530485.0,120.06
2021-03-25,120.11,AAPL,120.78,120.09,121.66,98844681.0,118.6
2021-03-26,119.54,AAPL,120.755,120.59,121.66,94071234.0,118.92
2021-03-29,121.04,AAPL,121.13,121.21,122.58,80819203.0,120.79
2021-03-30,121.04,AAPL,,121.52333333333333,121.04,85671919.0,118.94
2021-03-31,119.87,AAPL,,121.83666666666667,123.5,118323826.0,119.87
2021-04-01,122.15,AAPL,122.78,122.15,124.175,75089134.0,122.15
2021-04-05,123.39,AAPL,125.91,123.0,126.165,88651175.0,123.065
2021-04-06,125.83,AAPL,126.24,125.9,127.125,80171253.0,125.65
2021-04-07,126.24,AAPL,127.61,126.21,127.8,83466716.0,125.14
2021-04-08,127.91,AAPL,130.235,127.9,130.385,88844591.0,127.91
2021-04-09,130.38,AAPL,132.96,130.36,133.0,106686703.0,129.33
2021-04-12,132.67,AAPL,131.31,132.995,132.84,91419983.0,130.635
2021-04-13,131.29,AAPL,134.35,131.24,134.64,91266545.0,130.915
2021-04-14,134.41,AAPL,131.95,134.43,135.06,87222782.0,131.66
2021-04-15,132.145,AAPL,134.485,132.03,134.99,89347102.0,132.145
2021-04-16,134.45,AAPL,134.105,134.5,134.9,84922386.0,133.28
2021-04-19,133.86,AAPL,134.51,134.16,135.47,94264215.0,133.34
2021-04-20,134.89,AAPL,132.84,134.84,135.53,94812349.0,131.82
2021-04-21,133.11,AAPL,133.55,133.11,133.745,68847136.0,131.31
2021-04-22,133.49,AAPL,132.085,133.5,134.15,84566456.0,131.42
2021-04-23,131.98,AAPL,134.52,131.94,135.12,78756779.0,131.98
2021-04-26,134.42,AAPL,134.68,134.32,135.06,66905069.0,133.56
2021-04-27,134.7,AAPL,134.48,134.72,135.72,66015804.0,134.12
2021-04-28,134.39,AAPL,137.75,134.39,139.48,107760097.0,133.09
2021-04-29,133.67,AAPL,132.94,133.58,137.45,151100953.0,132.46
2021-04-30,133.31,AAPL,131.14,133.48,133.57,109839466.0,131.07
2021-05-03,132.04,AAPL,132.49,131.46,134.065,75135100.0,131.83
2021-05-04,132.49,AAPL,127.38,132.54,132.49,137564718.0,126.7
2021-05-05,127.96,AAPL,128.225,127.85,130.44,84000900.0,127.96
2021-05-06,128.12,AAPL,129.57,128.1,129.625,78128334.0,127.14
2021-05-07,129.6,AAPL,130.45,129.74,131.94,78973273.0,129.475
2021-05-10,129.82,AAPL,127.29,130.21,129.99,88071229.0,126.82
2021-05-11,126.855,AAPL,125.8,126.85,126.855,126142826.0,122.86
2021-05-12,125.8,AAPL,122.37,125.91,125.8,112172282.0,122.25
2021-05-13,122.8,AAPL,125.23,122.77,126.145,105861339.0,122.8
2021-05-14,124.95,AAPL,127.5,124.97,127.88,81917951.0,124.95
2021-05-17,126.92,AAPL,126.2,127.45,127.16,74244624.0,125.165
2021-05-18,126.195,AAPL,125.055,126.27,127.06,63342929.0,124.97
2021-05-19,124.81,AAPL,124.6,124.85,124.915,92611989.0,122.87
2021-05-20,124.68,AAPL,127.42,124.69,127.715,76857123.0,124.68
2021-05-21,127.24,AAPL,125.43,127.31,128.14,79295436.0,125.355
2021-05-24,126.14,AAPL,127.31,125.43,127.935,63092945.0,125.94
2021-05-25,127.12,AAPL,126.82,127.1,128.315,72009482.0,126.32
2021-05-26,126.935,AAPL,126.79,126.9,127.45,56575920.0,126.425
2021-05-27,126.805,AAPL,125.84,126.85,127.64,94625601.0,125.36
2021-05-28,125.345,AAPL,124.65,125.28,125.79,71311109.0,124.565
2021-06-01,125.16,AAPL,124.21,124.61,125.35,67637118.0,123.94
2021-06-02,124.2,AAPL,125.035,124.28,125.235,59278862.0,124.045
2021-06-03,125.08,AAPL,123.46,125.06,125.08,76229170.0,123.13
2021-06-04,123.55,AAPL,125.925,123.54,126.155,75169343.0,123.55
2021-06-07,126.14,AAPL,125.89,125.89,126.45,71057550.0,124.84
2021-06-08,125.9,AAPL,126.775,125.9,128.46,74403774.0,125.9
2021-06-09,126.73,AAPL,127.02,126.74,127.74,56877937.0,126.52
2021-06-10,127.15,AAPL,126.14,127.13,128.18,71186421.0,125.945
2021-06-11,126.08,AAPL,127.22,126.11,127.44,53522373.0,126.08
2021-06-14,127.83,AAPL,130.4,127.35,130.495,96906490.0,127.07
2021-06-15,130.26,AAPL,129.62,130.48,130.595,62746332.0,129.39
2021-06-16,129.795,AAPL,130.12,129.64,130.89,91815026.0,128.48
2021-06-17,130.12,AAPL,132.005,130.15,132.55,96721669.0,129.24
2021-06-18,131.75,AAPL,130.79,131.79,131.75,108953309.0,130.29
2021-06-21,130.56,AAPL,132.19,130.46,132.405,79663316.0,129.215
2021-06-22,132.265,AAPL,134.0,132.3,134.075,74783618.0,131.62
2021-06-23,133.94,AAPL,133.68,133.98,134.315,60214200.0,133.23
2021-06-24,133.7,AAPL,133.33,133.7,134.66,68710998.0,132.93
2021-06-25,133.4,AAPL,133.11,133.41,133.89,70783746.0,132.805
2021-06-28,133.13,AAPL,134.67,133.11,135.245,62111303.0,133.13
2021-06-29,134.78,AAPL,136.41,134.78,136.49,64556081.0,134.36
2021-06-30,136.33,AAPL,136.95,136.33,137.405,,135.88
2021-07-01,137.06,AAPL,,136.33,137.07,,137.06
